ANTIBIO	POS	REF	ALT	DP	Freq_Mutated	GENEID	GENE	HGVS_P	HGVS_P_3L	HGVS_C	P_INTER	W_INTER	Res_TBprof	Res_MTBseq	WHOALL_GRADING
AMK	2713795	C	T	139.0	100%	Rv2416c	eis			G*329A			 	 	
BDQ	775639	T	C	141.0	99.29%	Rv0676c	mmpL5	I948V	ILE948VAL	A2842G			 	ND	4)_Not_assoc_w_R_-_Interim
BDQ	776100	G	A	136.0	100%	Rv0676c	mmpL5	T794I	THR794ILE	C2381T			 	ND	4)_Not_assoc_w_R_-_Interim
BDQ	776702	G	A	220.0	10.9091%	Rv0676c	mmpL5	D593D	ASP593ASP	C1779T			 	ND	
BDQ	776726	G	A	253.0	13.834%	Rv0676c	mmpL5	F585F	PHE585PHE	C1755T			 	ND	
BDQ	776732	GCTGCGGATGGGGCG	ACTACGAATCGGCCT	215.0	13.9535%	Rv0676c	mmpL5	584	584	CGCCCCATCCGCAGC1735_1749AGGCCGATTCGTAGT			 	 	
BDQ	2222308	T	C	142.0	99.3%	Rv1979c	Rv1979c	D286G	ASP286GLY	A857G			 	 	4)_Not_assoc_w_R_-_Interim
BDQ	2223293	T	C	145.0	100%	Rv1979c	Rv1979c			A-129G			 	 	4)_Not_assoc_w_R_-_Interim
BDQ	2859278	C	T	122.0	100%	Rv2535c	pepQ			G*22A			 	 	
CAP	1917972	A	G	113.0	100%	Rv1694	tlyA	L11L	LEU11LEU	A33G			ND	ND	5)_Not_assoc_w_R
CFZ	775639	T	C	141.0	99.29%	Rv0676c	mmpL5	I948V	ILE948VAL	A2842G			 	ND	5)_Not_assoc_w_R
CFZ	776100	G	A	136.0	100%	Rv0676c	mmpL5	T794I	THR794ILE	C2381T			 	ND	5)_Not_assoc_w_R
CFZ	776702	G	A	220.0	10.9091%	Rv0676c	mmpL5	D593D	ASP593ASP	C1779T			 	ND	
CFZ	776726	G	A	253.0	13.834%	Rv0676c	mmpL5	F585F	PHE585PHE	C1755T			 	ND	
CFZ	776732	GCTGCGGATGGGGCG	ACTACGAATCGGCCT	215.0	13.9535%	Rv0676c	mmpL5	584	584	CGCCCCATCCGCAGC1735_1749AGGCCGATTCGTAGT			 	 	
CFZ	2222308	T	C	142.0	99.3%	Rv1979c	Rv1979c	D286G	ASP286GLY	A857G			 	 	5)_Not_assoc_w_R
CFZ	2223293	T	C	145.0	100%	Rv1979c	Rv1979c			A-129G			 	 	5)_Not_assoc_w_R
CFZ	2859278	C	T	122.0	100%	Rv2535c	pepQ			G*22A			 	 	
CYC	1931179	C	A	135.0	100%	Rv1704c	cycA	R93L	ARG93LEU	G278T	Polymorphism		 	ND	
CYC	1931470	G	A	116.0	100%	Rv1704c	cycA			C-14T			 	 	
CYC	1931718	G	C	123.0	100%	Rv1704c	cycA			C-262G			 	 	
CYC	3086788	T	C	115.0	100%	Rv2780	ald			T-32C			ND	 	
CYC	3336528	T	A	112.0	95.54%	Rv2981c	ddlA			A*268T			 	 	
CYC	3336587	T	A	108.0	52.78%	Rv2981c	ddlA			A*209T			 	 	
CYC	3336646	T	A	116.0	26.72%	Rv2981c	ddlA			A*150T			 	 	
CYC	3336705	A	T	140.0	20%	Rv2981c	ddlA			T*91A			 	 	
CYC	3336825	T	C	125.0	100%	Rv2981c	ddlA	T365A	THR365ALA	A1093G	Resistant		 	ND	
DLM	491742	T	C	116.0	100%	Rv0407	fgd1	F320F	PHE320PHE	T960C	phylo_(notEuro-American,M.africanum,M.bovis,M.canettii,M.caprae,M.microti,M.pinipedii,Beijing,Delhi/CAS,EAI)		ND	phylo (not Euro-American, M. africanum, M. bovis, M. canettii, M. caprae, M. microti, M. pinipedii, Beijing, Delhi/CAS, EAI)	4)_Not_assoc_w_R_-_Interim
DLM	492150	G	C	133.0	100%	Rv0407	fgd1			G*357C			 	 	
DLM	1303092	G	A	109.0	100%	Rv1173	fbiC	E54E	GLU54GLU	G162A			ND	ND	
DLM	1305132	C	T	139.0	100%	Rv1173	fbiC	G734G	GLY734GLY	C2202T			ND	ND	
DLM	3338834	C	A	145.0	99.31%	Rv2983	Rv2983			C-284A			 	 	
EMB	4240671	C	T	139.0	100%	Rv3793	embC	T270I	THR270ILE	C809T	phylo_(M.africanum,M.bovis,M.canettii,M.caprae,M.Microti,M.pinipedii,EAI)		ND	phylo (M. africanum, M. bovis, M. canettii, M.caprae, M. Microti, M. pinipedii, EAI)	5)_Not_assoc_w_R
EMB	4241042	A	G	150.0	100%	Rv3793	embC	N394D	ASN394ASP	A1180G	phylo_(1)		ND	phylo (1)	5)_Not_assoc_w_R
EMB	4241176	C	T	132.0	100%	Rv3793	embC	S438S	SER438SER	C1314T			ND	ND	
EMB	4242643	C	T	145.0	100%	Rv3793	embC	R927R	ARG927ARG	C2781T	phylo_(4,9)		ND	ND	5)_Not_assoc_w_R
EMB	4243848	G	A	117.0	100%	Rv3794	embA	V206M	VAL206MET	G616A	phylo_(1,1)		ND	phylo (1,1)	5)_Not_assoc_w_R
EMB	4245969	C	T	161.0	100%	Rv3794	embA	P913S	PRO913SER	C2737T	phylo_(1)		ND	phylo (1)	5)_Not_assoc_w_R
EMB	4246544	A	C	49.0	10.2041%	Rv3794	embA			A*27C			 	 	3)_Uncertain_significance
EMB	4246544	A	C	49.0	10.2041%	Rv3795	embB	T11P	THR11PRO	A31C			 	 	3)_Uncertain_significance
EMB	4247646	A	C	125.0	100%	Rv3795	embB	E378A	GLU378ALA	A1133C	phylo_(M.africanum,M.bovis,M.canettii,M.caprae,M.Microti,M.pinipedii,EAI)		ND	phylo (M. africanum, M. bovis, M. canettii, M. caprae, M. Microti, M. pinipedii, EAI)	5)_Not_assoc_w_R
ETO	4325923	G	A	142.0	100%	Rv3854c	ethA			C*81T			 	 	
FQ	6112	G	C	168.0	100%	Rv0005	gyrB	M291I	MET291ILE	G873C	phylo_(1)		ND	phylo (1)	
FQ	6124	C	T	159.0	100%	Rv0005	gyrB	A295A	ALA295ALA	C885T	phylo_(1,1,2)		ND	phylo (1,1,2)	
FQ	7362	G	C	129.0	100%	Rv0005	gyrB			G*95C	phylo	phylo	 	 	
FQ	7362	G	C	129.0	100%	Rv0006	gyrA	E21Q	GLU21GLN	G61C	phylo	phylo	ND	ND	
FQ	7585	G	C	121.0	100%	Rv0005	gyrB			G*318C	phylo_(notH37Rv)		 	 	
FQ	7585	G	C	121.0	100%	Rv0006	gyrA	S95T	SER95THR	G284C	phylo_(notH37Rv)		ND	phylo (not H37Rv)	
FQ	8452	C	T	158.0	100%	Rv0006	gyrA	A384V	ALA384VAL	C1151T	phylo_(1)		ND	phylo (1)	
FQ	9143	T	C	146.0	100%	Rv0006	gyrA	I614I	ILE614ILE	T1842C			ND	ND	
FQ	9304	G	A	157.0	100%	Rv0006	gyrA	G668D	GLY668ASP	G2003A	phylo	phylo	ND	ND	
FQ	9972	G	A	158.0	100%	Rv0006	gyrA			G*154A			 	 	
INH	411649	A	G	143.0	99.3%	Rv0342	iniA	H271R	HIS271ARG	A812G			 	ND	
INH	412280	T	G	125.0	100%	Rv0342	iniA	H481Q	HIS481GLN	T1443G			 	ND	
INH	414486	C	T	107.0	100%	Rv0343	iniC			C*248T			 	 	
INH	1407176	C	T	128.0	100%	Rv1258c	Rv1258c	L55L	LEU55LEU	G165A			 	 	4)_Not_assoc_w_R_-_Interim
INH	2154724	C	A	132.0	100%	Rv1908c	katG	R463L	ARG463LEU	G1388T	phylo_(notEuro-American,M.africanum,M.bovis,M.canettii,M.caprae,M.Microti,M.pinipedii,Beijing,Delhi/CAS,EAI,4)		ND	phylo (not Euro-American, M. africanum, M. bovis, M . canettii, M. caprae, M. Microti, M. pinipedii, Beijing, Delhi/CAS, EAI, 4)	5)_Not_assoc_w_R
INH	2518132	C	T	110.0	96.36%	Rv2245	kasA	T6T	THR6THR	C18T			ND	ND	
INH	2726051	G	A	133.0	100%	Rv2428	ahpC			G-142A			 	 	
INH	2726468	G	A	119.0	100%	Rv2428	ahpC	A92A	ALA92ALA	G276A			ND	ND	4)_Not_assoc_w_R_-_Interim
INH	2727037	A	T	111.0	100%	Rv2428	ahpC			A*257T			 	 	
INH	3064632	G	A	105.0	100%	Rv2752c	Rv2752c	A520A	ALA520ALA	C1560T			 	 	5)_Not_assoc_w_R
KAN	2713795	C	T	139.0	100%	Rv2416c	eis			G*329A			 	 	
LFX	6112	G	C	168.0	100%	Rv0005	gyrB	M291I	MET291ILE	G873C	phylo_(1)		ND	phylo (1)	5)_Not_assoc_w_R
LFX	6124	C	T	159.0	100%	Rv0005	gyrB	A295A	ALA295ALA	C885T	phylo_(1,1,2)		ND	phylo (1,1,2)	5)_Not_assoc_w_R
LFX	7362	G	C	129.0	100%	Rv0005	gyrB			G*95C	phylo	phylo	 	 	5)_Not_assoc_w_R
LFX	7362	G	C	129.0	100%	Rv0006	gyrA	E21Q	GLU21GLN	G61C	phylo	phylo	ND	ND	5)_Not_assoc_w_R
LFX	7585	G	C	121.0	100%	Rv0005	gyrB			G*318C	phylo_(notH37Rv)		 	 	5)_Not_assoc_w_R
LFX	7585	G	C	121.0	100%	Rv0006	gyrA	S95T	SER95THR	G284C	phylo_(notH37Rv)		ND	phylo (not H37Rv)	5)_Not_assoc_w_R
LFX	8452	C	T	158.0	100%	Rv0006	gyrA	A384V	ALA384VAL	C1151T	phylo_(1)		ND	phylo (1)	5)_Not_assoc_w_R
LFX	9143	T	C	146.0	100%	Rv0006	gyrA	I614I	ILE614ILE	T1842C			ND	ND	5)_Not_assoc_w_R
LFX	9304	G	A	157.0	100%	Rv0006	gyrA	G668D	GLY668ASP	G2003A	phylo	phylo	ND	ND	5)_Not_assoc_w_R
LFX	9972	G	A	158.0	100%	Rv0006	gyrA			G*154A			 	 	
MFX	6112	G	C	168.0	100%	Rv0005	gyrB	M291I	MET291ILE	G873C	phylo_(1)		ND	phylo (1)	5)_Not_assoc_w_R
MFX	6124	C	T	159.0	100%	Rv0005	gyrB	A295A	ALA295ALA	C885T	phylo_(1,1,2)		ND	phylo (1,1,2)	5)_Not_assoc_w_R
MFX	7362	G	C	129.0	100%	Rv0005	gyrB			G*95C	phylo	phylo	 	 	5)_Not_assoc_w_R
MFX	7362	G	C	129.0	100%	Rv0006	gyrA	E21Q	GLU21GLN	G61C	phylo	phylo	ND	ND	5)_Not_assoc_w_R
MFX	7585	G	C	121.0	100%	Rv0005	gyrB			G*318C	phylo_(notH37Rv)		 	 	5)_Not_assoc_w_R
MFX	7585	G	C	121.0	100%	Rv0006	gyrA	S95T	SER95THR	G284C	phylo_(notH37Rv)		ND	phylo (not H37Rv)	5)_Not_assoc_w_R
MFX	8452	C	T	158.0	100%	Rv0006	gyrA	A384V	ALA384VAL	C1151T	phylo_(1)		ND	phylo (1)	5)_Not_assoc_w_R
MFX	9143	T	C	146.0	100%	Rv0006	gyrA	I614I	ILE614ILE	T1842C			ND	ND	5)_Not_assoc_w_R
MFX	9304	G	A	157.0	100%	Rv0006	gyrA	G668D	GLY668ASP	G2003A	phylo	phylo	ND	ND	5)_Not_assoc_w_R
MFX	9972	G	A	158.0	100%	Rv0006	gyrA			G*154A			 	 	
PAS	2745739	G	A	116.0	100%	Rv2447c	folC			C*396T			 	 	
PAS	2745839	G	A	132.0	100%	Rv2447c	folC			C*296T			 	 	
PAS	2987918	G	A	123.0	99.19%	Rv2671	ribD			G*303A			 	 	
PAS	3074830	C	T	120.0	100%	Rv2764c	thyA			G-359A			 	 	
PZA	1407176	C	T	128.0	100%	Rv1258c	Rv1258c	L55L	LEU55LEU	G165A			 	 	4)_Not_assoc_w_R_-_Interim
PZA	1834974	C	G	113.0	100%	Rv1630	rpsA	A478G	ALA478GLY	C1433G			ND	ND	
PZA	4040517	A	G	114.0	100%	Rv3596c	clpC1	V63A	VAL63ALA	T188C			 	ND	4)_Not_assoc_w_R_-_Interim
RIF	763031	T	C	146.0	99.3151%	Rv0667	rpoB	A1075A	ALA1075ALA	T3225C	phylo_(4)		ND	phylo (4)	5)_Not_assoc_w_R
RIF	3064632	G	A	105.0	100%	Rv2752c	Rv2752c	A520A	ALA520ALA	C1560T			 	 	5)_Not_assoc_w_R
STR	781395	T	C	164.0	100%	Rv0682	rpsL			T-165C			ND	 	5)_Not_assoc_w_R
STR	1407176	C	T	128.0	100%	Rv1258c	Rv1258c	L55L	LEU55LEU	G165A			 	 	4)_Not_assoc_w_R_-_Interim
STR	4407588	T	C	140.0	100%	Rv3919c	gid	A205A	ALA205ALA	A615G	phylo_(M.africanum,M.bovis,M.canettii,M.caprae,M.Microti,M.pinipedii,Beijing,Delhi/CAS,EAI,4)		 	phylo (M. africanum, M. bovis, M. canettii, M. caprae, M. Microti, M. pinipedii, Beijing, Delhi/CAS, EAI, 4)	5)_Not_assoc_w_R
STR	4407808	T	C	140.0	100%	Rv3919c	gid	D132G	ASP132GLY	A395G			ND	ND	3)_Uncertain_significance
STR	4407873	C	A	130.0	100%	Rv3919c	gid	V110V	VAL110VAL	G330T	phylo_(EAI,1)		 	phylo (EAI, 1)	5)_Not_assoc_w_R


Non covered genes : 

chrom	start	end	gene	DepthOfRedas	BreadthCov	BreadthNeeded	BreadthFraction


Spoligotyping :

(Spolpred): 

2401011989GRA_lib1_R1	477737373411771
2401011989GRA_lib1_R2	477773203413751


TB_profiler lineage
lineage1.1	0.997	Indo-Oceanic	EAI3;EAI4;EAI5;EAI6	RD239
lineage1.1.2	0.997	Indo-Oceanic	EAI3;EAI5	RD239
Lineage	Estimated_Fraction	Family	Spoligotype	Rd





MTBC_BC_lineage
10.1128/msphere.00169-23 

Level_1	Level_2	Level_3	Level_4	Level_5
L1	L1.1	L1.1.2		
L1				
L4	L4.9			
L1				
L4	L4.9			
L1	L1.1	L1.1.2	L1.1.2.2	
L4				
L4				
L1	L1.1			
L1	L1.1			


MTBseq lineage:

Date	SampleID	LibraryID	FullID	Homolka species	Homolka lineage	Homolka group	Quality	Coll lineage (branch)	Coll lineage_name (branch)	Coll quality (branch)	Coll lineage (easy)	Coll lineage_name (easy)	Coll quality (easy)	Beijing lineage (easy)	Beijing quality (easy)
'2024-07-26	'2401011989GRA	'lib1	'2401011989GRA_lib1	'M. tuberculosis	'1	'EAI	'good	'1.1.2	'EAI	'bad	'1.1.2	'EAI	'bad	'unknown	'good
