Position	Ref	Alt	Level_1	Level_2	Level_3	Level_4	Level_5
15036	C	G	L4	L4.4	L4.4.1	L4.4.1.1	L4.4.1.1.1
15087	C	G	L2	L2.2 (modern)	L2.2.M2		
17665	G	A	L4	L4.6	L4.6.5		
17842	G	C	L3	L3.2			
18091	G	A	L4	L4.6			
28382	G	A	L2	L2.2 (modern)	L2.2.M1	L2.2.M1.3	
44812	G	T	M.orygis				
45544	C	T	L3	L3.3			
45829	A	G	L2	L2.2 (modern)	L2.2.M2	L2.2.M2.4	
58786	G	C	L4	L4.1	L4.1.4		
61842	T	C	L1	L1.3	L1.3.2		
62657	G	A	L4	L4.1			
62768	A	G	M.bovis				
63752	C	T	L1	L1.2	L1.2.2	L1.2.2.3	
74716	G	C	L2	L2.2 (ancient)	L2.2.C		
86773	C	A	L5	L5.2			
94915	C	T	L2	L2.2 (modern)	L2.2.M6	L2.2.M6.2	
110567	C	T	L3	L3.4			
119600	C	G	L4	L4.9	L4.9.1		
197705	G	A	L2	L2.2 (ancient)	L2.2.AA3		
219722	G	T	L1	L1.1	L1.1.2		
221190	G	T	L8				
225495	T	C	L4	L4.3	L4.3.4	L4.3.4.2	L4.3.4.2.1
225657	G	A	L5	L5.3			
272678	C	T	L1				
276363	C	T	L6	L6.1	L6.1.1		
282892	C	T	L2				
284623	G	A	L4	L4.1			
285096	G	T	L1	L1.1	L1.1.3	L1.1.3.4	
286300	C	A	L4	L4.1	L4.1.1	L4.1.1.3	L4.1.1.3.1
305707	C	T	L6	L6.2	L6.2.3		
327175	C	G	L2	L2.2 (modern)	L2.2.M4	L2.2.M4.7	
342201	C	G	L4	L4.4	L4.4.1	L4.4.1.2	
342340	C	T	L4	L4.1	L4.1.2	L4.1.2.1	
342873	C	T	L3				
346693	G	T	L2	L2.2 (ancient)	L2.2.AA1		
348280	G	T	M.pinnipedii				
352646	G	A	L5				
353766	T	C	L4	L4.2	L4.2.2		
354234	G	A	L5	L5.2			
355181	G	A	L4	L4.4	L4.4.1	L4.4.1.1	
403295	G	A	L3	L3.3			
403481	C	T	L1	L1.1	L1.1.3	L1.1.3.1	
420008	A	G	L4	L4.9			
420308	C	T	L6	L6.2			
421187	C	T	L2	L2.2 (modern)	L2.2.M4	L2.2.M4.4	
458156	G	A	M.pinnipedii				
492769	G	T	L5	L5.1	L5.1.5		
512610	C	T	L3	L3.1	L3.1.3	L3.1.3.1	
514245	C	T	L4	L4.1	L4.1.1		
518948	C	T	L1	L1.1	L1.1.2	L1.1.2.1	
528781	G	A	L1	L1.2	L1.2.2		
529363	C	T	L1	L1.1	L1.1.1		
581990	C	T	L1	L1.1	L1.1.1	L1.1.1.8	
586111	G	A	L2	L2.2 (modern)	L2.2.M2	L2.2.M2.3	
587305	C	T	L5	L5.1	L5.1.3		
590595	G	A	L1	L1.2	L1.2.1		
611463	G	A	L4	L4.2	L4.2.2	L4.2.2.2	
615938	G	A	L1				
616408	C	G	L4	L4.8	L4.8.3		
617750	G	A	L2	L2.2 (modern)	L2.2.M4	L2.2.M4.2	
620029	C	T	L4	L4.5			
645011	C	T	L3	L3.1	L3.1.3		
648465	A	G	L2	L2.1			
649844	C	T	L2	L2.2 (ancient)	2.2.1.2		
652950	T	C	L3				
655559	G	A	L2	L2.2 (modern)	L2.2.M6		
716918	G	A	L4	L4.7			
727440	C	T	L1	L1.3			
734562	G	A	L4	L4.6	L4.6.3		
752134	C	T	L2	L2.2 (ancient)	L2.2.AA3	L2.2.AA3.1	
782398	C	G	L5	L5.1	L5.1.1		
783601	A	C	L4	L4.2	L4.2.1		
784440	G	T	L4	L4.3	L4.3.4	L4.3.4.2	
784581	G	C	L4	L4.3	L4.3.2	L4.3.2.1	
803298	C	T	L2	L2.2 (ancient)	L2.2.B		
811753	C	T	L2				
825585	T	C	L4	L4.3	L4.3.1		
870187	C	T	L4	L4.2	L4.2.1	L4.2.1.1	
870862	C	T	L1	L1.1	L1.1.1	L1.1.1.3	
903913	T	C	L4	L4.9			
904090	T	C	M.caprae				
918646	G	A	L6	L6.2	L6.2.1		
941722	T	G	L2	L2.2 (modern)	L2.2.M4		
982363	G	T	L6				
985287	G	A	L4	L4.4	L4.4.2		
1003639	G	A	L2	L2.2 (ancient)	L2.2.AA1	AA1SA	
1005488	G	A	L1	L1.1	L1.1.3	L1.1.3.3	
1006080	G	A	L4	L4.1	L4.1.1	L4.1.1.1	
1011206	C	G	L5	L5.3			
1046620	A	C	L2	L2.2 (ancient)	L2.2.AA1	Bmyc3	
1069305	G	C	M.caprae				
1098698	C	G	L4	L4.6	L4.6.1	L4.6.1.2	
1109535	G	A	L4	L4.1	L4.1.1	L4.1.1.2	
1120159	G	A	L6	L6.2	L6.2.2		
1122555	C	T	L1	L1.1	L1.1.1	L1.1.1.10	
1130526	G	A	L4	L4.8			
1135798	C	T	L2	L2.1			
1136017	A	G	L1	L1.2			
1137518	G	A	L7				
1167274	C	T	L1	L1.1	L1.1.1	L1.1.1.11	
1219683	G	A	L2	L2.2 (modern)	L2.2.M3		
1221279	C	T	L6	L6.3			
1236745	G	C	M.orygis				
1245275	C	T	L1	L1.3	L1.3.1		
1274335	G	A	L4	L4.3	L4.3.4	L4.3.4.1	
1288698	G	A	L2	L2.2 (ancient)			
1297327	G	A	L4	L4.3	L4.3.4		
1317796	C	T	L5	L5.1	L5.1.2		
1321096	G	A	L3	L3.6			
1364706	G	A	L2	L2.2 (modern)	L2.2.M4	L2.2.M4.9	
1399526	C	T	L2	L2.2 (modern)	L2.2.M2	L2.2.M2.2	
1452071	C	A	L4	L4.3			
1455780	T	C	L4	L4.2	L4.2.2	L4.2.2.1	
1462580	C	T	L1	L1.1	L1.1.1	L1.1.1.4	
1466779	C	T	L4	L4.2			
1477596	C	T	L2	L2.2 (modern)			
1491275	G	A	L1	L1.1	L1.1.3		
1558894	T	C	L2	L2.2 (modern)	L2.2.M4	L2.2.M4.6	
1561245	C	T	L7				
1564799	C	T	L4	L4.1	L4.1.3		
1565767	C	T	L2	L2.2 (modern)	L2.2.M1	L2.2.M1.4	
1568018	C	T	L4	L4.2			
1577846	G	A	L6	L6.2			
1582186	C	T	L6	L6.1			
1588746	C	T	L6	L6.3	L6.3.2		
1647807	T	C	L4	L4.3	L4.3.1	L4.3.1.1	
1667070	G	A	L6	L6.3	L6.3.3		
1679537	C	G	L1	L1.1	L1.1.1	L1.1.1.6	
1692069	A	G	L2	L2.2 (modern)	L2.2.M2	L2.2.M2.5	lin2.2.1.2
1719757	G	T	L4	L4.5			
1750465	T	C	L1	L1.1	L1.1.1	L1.1.1.1	
1772288	T	G	L2	L2.2 (modern)	L2.2.M5		
1797969	C	T	L1	L1.2	L1.2.2	L1.2.2.5	
1799921	C	A	L5				
1808898	C	T	L1	L1.2	L1.2.2	L1.2.2.1	
1829921	G	T	L2	L2.2 (modern)	L2.2.M4	L2.2.M4.3	
1843620	T	C	L2	L2.2 (modern)	L2.2.M6	L2.2.M6.1	
1846092	C	T	L5	L5.1			
1870173	G	A	L6	L6.3			
1904950	C	T	L2	L2.2 (modern)	L2.2.M4	L2.2.M4.1	
1919627	G	A	L3	L3.2			
1919901	C	T	L3	L3.4			
1924590	C	G	L6	L6.1			
1947282	A	G	L2	L2.2 (modern)	L2.2.M1	L2.2.M1.1	
2053560	G	A	L2	L2.2 (modern)	L2.2.M2	L2.2.M2.5	
2077253	G	A	L4	L4.3	L4.3.3		
2110074	C	T	L3	L3.1	L3.1.1	L3.1.1.1	
2278507	G	A	L1	L1.2			
2408442	G	A	L6	L6.1	L6.1.2		
2411421	C	T	L1	L1.1	L1.1.1	L1.1.1.7	
2415951	G	A	L1	L1.1	L1.1.1	L1.1.1.2	
2417281	G	A	L4	L4.8	L4.8.2		
2485234	C	T	L6	L6.1	L6.1.3		
2488724	C	G	L4	L4.1	L4.1.2	L4.1.2.1	L4.1.2.1.1
2505085	G	A	L2	L2.2 (ancient)			
2541779	G	A	L3	L3.1			
2565446	G	A	L5	L5.1	L5.1.4		
2567122	G	A	L2	L2.2 (ancient)	L2.2.E		
2622402	G	A	L1	L1.1	L1.1.2	L1.1.2.2	
2641658	A	C	L6	L6.3	L6.3.1		
2738352	C	T	L1	L1.1	L1.1.3	L1.1.3.2	
2750052	G	A	L9				
2763624	G	A	L1	L1.3			
2780355	G	A	L2	L2.2 (modern)	L2.2.M4	L2.2.M4.8	
2825466	G	A	L4				
2841179	G	A	L2	L2.2 (modern)	L2.2.M4	L2.2.M4.9	L2.2.M4.9.2
2847281	A	G	L4				
2847737	G	A	L6				
2874797	G	T	M.microti				
2875883	C	T	L4	L4.6	L4.6.2	L4.6.2.2	
2890468	C	G	L3	L3.6			
2905505	G	A	L4	L4.4	L4.4.1		
2908357	G	A	L2	L2.2 (modern)	L2.2.M4	L2.2.M4.5	
2914906	G	C	L4	L4.8	L4.8.1		
2939372	A	G	L2	L2.2 (modern)	L2.2.M4	L2.2.M4.9	L2.2.M4.9.1
2989683	C	T	L1	L1.1			
3091467	G	C	L1	L1.1	L1.1.1	L1.1.1.9	
3147742	A	G	L4	L4.1	L4.1.2		
3191027	G	A	L4	L4.3			
3270289	C	A	L4	L4.7			
3370805	G	C	L9				
3371401	G	A	M.bovis				
3414791	G	C	L4	L4.3	L4.3.2		
3466426	G	A	L4	L4.6			
3473662	G	A	L3	L3.5			
3542392	G	A	L2	L2.2 (ancient)	L2.2.AA4		
3592709	C	T	L5	L5.1			
3593078	G	A	L2	L2.2 (modern)	L2.2.M1	L2.2.M1.2	
3628694	G	A	L1	L1.2	L1.2.2	L1.2.2.4	
3688579	G	A	M.microti				
3722702	G	C	L3	L3.1	L3.1.2		
3812980	G	A	L2	L2.2 (ancient)	L2.2.D		
3831376	G	A	L1	L1.1	L1.1.1	L1.1.1.5	
3836739	G	A	L4	L4.8			
3960979	A	C	L2	L2.2 (ancient)	L2.2.AA2		
4041266	G	T	L3	L3.1	L3.1.1	L3.1.1.2	
4146082	C	T	L2	L2.2 (ancient)	L2.2.A		
4161737	C	G	L3	L3.5			
4215793	A	C	L2	L2.2 (modern)	L2.2.M1		
4229087	C	T	L4	L4.1	L4.1.1	L4.1.1.3	
4236903	G	A	L4	L4.6	L4.6.4		
4238963	C	T	L4	L4.4			
4255679	C	T	L1	L1.2	L1.2.2	L1.2.2.2	
4260268	G	C	L4	L4.6	L4.6.1		
4260742	G	A	L4	L4.6	L4.6.2		
4306896	C	T	L3	L3.1			
4307886	G	A	L4	L4.4			
4330870	C	A	L3	L3.5	L3.5.1		
4333325	A	G	L2	L2.2 (ancient)	L2.2.AA3	L2.2.AA3.2	
4404247	G	A	L1	L1.1			
4405700	G	C	L2	L2.2 (modern)	L2.2.M2	L2.2.M2.1	
4406749	G	A	L4	L4.6	L4.6.1	L4.6.1.1	
